﻿{
  "version": 3,
  "configurePresets": [
    {
      "name": "windows-base",
      "hidden": true,
      "generator": "Ninja",
      "binaryDir": "${sourceDir}/out/build/${presetName}",
      "installDir": "${sourceDir}/out/install/${presetName}",
      "cacheVariables": {
        "CMAKE_C_COMPILER": "cl.exe",
        "CMAKE_CXX_COMPILER": "cl.exe"
      },
      "condition": {
        "type": "equals",
        "lhs": "${hostSystemName}",
        "rhs": "Windows"
      }
    },
    {
      "name": "x64-debug",
      "displayName": "x64 Debug",
      "inherits": "windows-base",
      "architecture": {
        "value": "x64",
        "strategy": "external"
      },
      "cacheVariables": {
        "CMAKE_BUILD_TYPE": "Debug"
      }
    },
    {
      "name": "x64-release",
      "displayName": "x64 Release",
      "inherits": "x64-debug",
      "cacheVariables": {
        "CMAKE_BUILD_TYPE": "Release"
      }
    },
    {
      "name": "x86-debug",
      "displayName": "x86 Debug",
      "inherits": "windows-base",
      "architecture": {
        "value": "x86",
        "strategy": "external"
      },
      "cacheVariables": {
        "CMAKE_BUILD_TYPE": "Debug"
      }
    },
    {
      "name": "x86-release",
      "displayName": "x86 Release",
      "inherits": "x86-debug",
      "cacheVariables": {
        "CMAKE_BUILD_TYPE": "Release"
      }
    },
    {
      "name": "unix-base",
      "displayName": "Base Configuration",
      "generator": "Ninja",
      "binaryDir": "${sourceDir}/out/build/${presetName}",
      "installDir": "${sourceDir}/out/install/${presetName}"
    },
    {
      "name": "linux-debug",
      "displayName": "Linux Debug",
      "inherits": "unix-base",
      "condition": {
        "type": "equals",
        "lhs": "${hostSystemName}",
        "rhs": "Linux"
      },
      "cacheVariables": {
        "CMAKE_BUILD_TYPE": "Debug",
        "CMAKE_C_COMPILER": "gcc",
        "CMAKE_CXX_COMPILER": "g++"
      }
    },
    {
      "name": "linux-release",
      "displayName": "Linux Release",
      "inherits": "unix-base",
      "condition": {
        "type": "equals",
        "lhs": "${hostSystemName}",
        "rhs": "Linux"
      },
      "cacheVariables": {
        "CMAKE_BUILD_TYPE": "Release",
        "CMAKE_C_COMPILER": "gcc",
        "CMAKE_CXX_COMPILER": "g++"
      }
    },
    {
      "name": "macos-debug",
      "displayName": "macOS Debug",
      "inherits": "unix-base",
      "condition": {
        "type": "equals",
        "lhs": "${hostSystemName}",
        "rhs": "Darwin"
      },
      "cacheVariables": {
        "CMAKE_BUILD_TYPE": "Debug",
        "CMAKE_C_COMPILER": "clang",
        "CMAKE_CXX_COMPILER": "clang++"
      }
    },
    {
      "name": "macos-release",
      "displayName": "macOS Release",
      "inherits": "unix-base",
      "condition": {
        "type": "equals",
        "lhs": "${hostSystemName}",
        "rhs": "Darwin"
      },
      "cacheVariables": {
        "CMAKE_BUILD_TYPE": "Release",
        "CMAKE_C_COMPILER": "clang",
        "CMAKE_CXX_COMPILER": "clang++"
      }
    }
  ]
}